date,clones,unique_cloners
2026-07-06,0,0
2026-07-07,0,0
2026-07-08,0,0
2026-07-09,0,0
2026-07-10,0,0
2026-07-11,0,0
2026-07-12,0,0
2026-07-13,0,0
2026-07-14,0,0
2026-07-15,0,0
2026-07-16,0,0
2026-07-17,0,0
2026-07-18,0,0
2026-07-19,41,32
2026-07-20,5,5
2026-07-21,3,3
2026-07-22,9,6
2026-07-23,24,16
2026-07-24,7,7
2026-07-25,2,2
2026-07-26,1,1
2026-07-27,1,1
2026-07-28,2,2
2026-07-29,11,7
2026-07-30,1,1
2026-07-31,2,2
2026-08-01,1,1
2026-08-02,2,2
2026-08-03,1,1
2026-08-04,1,1
2026-08-05,1,1
2026-08-06,1,1
